Model,Accuracy,Precision,Recall,F1 Score
Baseline (Route-Based),0.8954,0.108,0.073,0.0871
Logistic Regression,0.7504340277777778,0.30860349127182046,0.9235074626865671,0.46261682242990654
